{
  "prepare_queue": {
    "installed": [],
    "uninstalled": []
  },
  "config_munge": {
    "files": {
      "res/xml/config.xml": {
        "parents": {
          "/*": [
            {
              "xml": "<feature name=\"Device\"><param name=\"android-package\" value=\"org.apache.cordova.device.Device\" /></feature>",
              "count": 1
            },
            {
              "xml": "<feature name=\"CordovaGoogleMaps\"><param name=\"android-package\" value=\"plugin.google.maps.CordovaGoogleMaps\" /><param name=\"onload\" value=\"true\" /><param name=\"onreset\" value=\"true\" /></feature>",
              "count": 1
            },
            {
              "xml": "<feature name=\"Map\"><param name=\"android-package\" value=\"plugin.google.maps.PluginMap\" /></feature>",
              "count": 1
            },
            {
              "xml": "<feature name=\"Polyline\"><param name=\"android-package\" value=\"plugin.google.maps.PluginPolyline\" /></feature>",
              "count": 1
            },
            {
              "xml": "<feature name=\"Polygon\"><param name=\"android-package\" value=\"plugin.google.maps.PluginPolygon\" /></feature>",
              "count": 1
            },
            {
              "xml": "<feature name=\"Marker\"><param name=\"android-package\" value=\"plugin.google.maps.PluginMarker\" /></feature>",
              "count": 1
            },
            {
              "xml": "<feature name=\"Circle\"><param name=\"android-package\" value=\"plugin.google.maps.PluginCircle\" /></feature>",
              "count": 1
            },
            {
              "xml": "<feature name=\"TileOverlay\"><param name=\"android-package\" value=\"plugin.google.maps.PluginTileOverlay\" /></feature>",
              "count": 1
            },
            {
              "xml": "<feature name=\"GroundOverlay\"><param name=\"android-package\" value=\"plugin.google.maps.PluginGroundOverlay\" /></feature>",
              "count": 1
            },
            {
              "xml": "<feature name=\"KmlOverlay\"><param name=\"android-package\" value=\"plugin.google.maps.PluginKmlOverlay\" /></feature>",
              "count": 1
            },
            {
              "xml": "<feature name=\"Geocoder\"><param name=\"android-package\" value=\"plugin.google.maps.PluginGeocoder\" /></feature>",
              "count": 1
            },
            {
              "xml": "<feature name=\"Environment\"><param name=\"android-package\" value=\"plugin.google.maps.Environment\" /></feature>",
              "count": 1
            },
            {
              "xml": "<feature name=\"MarkerCluster\"><param name=\"android-package\" value=\"plugin.google.maps.PluginMarkerCluster\" /></feature>",
              "count": 1
            },
            {
              "xml": "<feature name=\"SplashScreen\"><param name=\"android-package\" value=\"org.apache.cordova.splashscreen.SplashScreen\" /><param name=\"onload\" value=\"true\" /></feature>",
              "count": 1
            },
            {
              "xml": "<feature name=\"Whitelist\"><param name=\"android-package\" value=\"org.apache.cordova.whitelist.WhitelistPlugin\" /><param name=\"onload\" value=\"true\" /></feature>",
              "count": 1
            },
            {
              "xml": "<feature name=\"Keyboard\"><param name=\"android-package\" value=\"io.ionic.keyboard.IonicKeyboard\" /><param name=\"onload\" value=\"true\" /></feature>",
              "count": 1
            }
          ]
        }
      },
      "AndroidManifest.xml": {
        "parents": {
          "/manifest/application": [
            {
              "xml": "<meta-data android:name=\"com.google.android.geo.API_KEY\" android:value=\"...\" />",
              "count": 1
            },
            {
              "xml": "<meta-data android:name=\"com.google.android.gms.version\" android:value=\"@integer/google_play_services_version\" />",
              "count": 1
            }
          ],
          "/manifest": [
            {
              "xml": "<uses-permission android:name=\"android.permission.INTERNET\" />",
              "count": 1
            },
            {
              "xml": "<uses-permission android:name=\"android.permission.ACCESS_NETWORK_STATE\" />",
              "count": 1
            },
            {
              "xml": "<uses-permission android:name=\"android.permission.ACCESS_COARSE_LOCATION\" />",
              "count": 1
            },
            {
              "xml": "<uses-permission android:name=\"android.permission.ACCESS_FINE_LOCATION\" />",
              "count": 1
            },
            {
              "xml": "<uses-feature android:glEsVersion=\"0x00020000\" android:required=\"true\" />",
              "count": 1
            },
            {
              "xml": "<uses-feature android:name=\"android.hardware.location\" />",
              "count": 1
            },
            {
              "xml": "<uses-feature android:name=\"android.hardware.location.gps\" />",
              "count": 1
            }
          ]
        }
      }
    }
  },
  "installed_plugins": {
    "cordova-plugin-device": {
      "PACKAGE_NAME": "afpa.cdam.JobDating"
    },
    "cordova-plugin-googlemaps": {
      "API_KEY_FOR_ANDROID": "...",
      "PACKAGE_NAME": "afpa.cdam.JobDating"
    },
    "cordova-plugin-ionic-webview": {
      "PACKAGE_NAME": "afpa.cdam.JobDating"
    },
    "cordova-plugin-splashscreen": {
      "PACKAGE_NAME": "afpa.cdam.JobDating"
    },
    "cordova-plugin-whitelist": {
      "PACKAGE_NAME": "afpa.cdam.JobDating"
    },
    "ionic-plugin-keyboard": {
      "PACKAGE_NAME": "afpa.cdam.JobDating"
    }
  },
  "dependent_plugins": {},
  "modules": [
    {
      "id": "cordova-plugin-device.device",
      "file": "plugins/cordova-plugin-device/www/device.js",
      "pluginId": "cordova-plugin-device",
      "clobbers": [
        "device"
      ]
    },
    {
      "id": "cordova-plugin-googlemaps.BaseClass",
      "file": "plugins/cordova-plugin-googlemaps/www/BaseClass.js",
      "pluginId": "cordova-plugin-googlemaps",
      "runs": true
    },
    {
      "id": "cordova-plugin-googlemaps.BaseArrayClass",
      "file": "plugins/cordova-plugin-googlemaps/www/BaseArrayClass.js",
      "pluginId": "cordova-plugin-googlemaps",
      "runs": true
    },
    {
      "id": "cordova-plugin-googlemaps.LatLng",
      "file": "plugins/cordova-plugin-googlemaps/www/LatLng.js",
      "pluginId": "cordova-plugin-googlemaps",
      "runs": true
    },
    {
      "id": "cordova-plugin-googlemaps.LatLngBounds",
      "file": "plugins/cordova-plugin-googlemaps/www/LatLngBounds.js",
      "pluginId": "cordova-plugin-googlemaps",
      "runs": true
    },
    {
      "id": "cordova-plugin-googlemaps.VisibleRegion",
      "file": "plugins/cordova-plugin-googlemaps/www/VisibleRegion.js",
      "pluginId": "cordova-plugin-googlemaps",
      "runs": true
    },
    {
      "id": "cordova-plugin-googlemaps.Location",
      "file": "plugins/cordova-plugin-googlemaps/www/Location.js",
      "pluginId": "cordova-plugin-googlemaps",
      "runs": true
    },
    {
      "id": "cordova-plugin-googlemaps.CameraPosition",
      "file": "plugins/cordova-plugin-googlemaps/www/CameraPosition.js",
      "pluginId": "cordova-plugin-googlemaps",
      "runs": true
    },
    {
      "id": "cordova-plugin-googlemaps.Polyline",
      "file": "plugins/cordova-plugin-googlemaps/www/Polyline.js",
      "pluginId": "cordova-plugin-googlemaps",
      "runs": true
    },
    {
      "id": "cordova-plugin-googlemaps.Polygon",
      "file": "plugins/cordova-plugin-googlemaps/www/Polygon.js",
      "pluginId": "cordova-plugin-googlemaps",
      "runs": true
    },
    {
      "id": "cordova-plugin-googlemaps.Marker",
      "file": "plugins/cordova-plugin-googlemaps/www/Marker.js",
      "pluginId": "cordova-plugin-googlemaps",
      "runs": true
    },
    {
      "id": "cordova-plugin-googlemaps.HtmlInfoWindow",
      "file": "plugins/cordova-plugin-googlemaps/www/HtmlInfoWindow.js",
      "pluginId": "cordova-plugin-googlemaps",
      "runs": true
    },
    {
      "id": "cordova-plugin-googlemaps.Circle",
      "file": "plugins/cordova-plugin-googlemaps/www/Circle.js",
      "pluginId": "cordova-plugin-googlemaps",
      "runs": true
    },
    {
      "id": "cordova-plugin-googlemaps.TileOverlay",
      "file": "plugins/cordova-plugin-googlemaps/www/TileOverlay.js",
      "pluginId": "cordova-plugin-googlemaps",
      "runs": true
    },
    {
      "id": "cordova-plugin-googlemaps.GroundOverlay",
      "file": "plugins/cordova-plugin-googlemaps/www/GroundOverlay.js",
      "pluginId": "cordova-plugin-googlemaps",
      "runs": true
    },
    {
      "id": "cordova-plugin-googlemaps.Common",
      "file": "plugins/cordova-plugin-googlemaps/www/Common.js",
      "pluginId": "cordova-plugin-googlemaps",
      "runs": true
    },
    {
      "id": "cordova-plugin-googlemaps.encoding",
      "file": "plugins/cordova-plugin-googlemaps/www/encoding.js",
      "pluginId": "cordova-plugin-googlemaps",
      "runs": true
    },
    {
      "id": "cordova-plugin-googlemaps.spherical",
      "file": "plugins/cordova-plugin-googlemaps/www/spherical.js",
      "pluginId": "cordova-plugin-googlemaps",
      "runs": true
    },
    {
      "id": "cordova-plugin-googlemaps.poly",
      "file": "plugins/cordova-plugin-googlemaps/www/poly.js",
      "pluginId": "cordova-plugin-googlemaps",
      "runs": true
    },
    {
      "id": "cordova-plugin-googlemaps.Geocoder",
      "file": "plugins/cordova-plugin-googlemaps/www/Geocoder.js",
      "pluginId": "cordova-plugin-googlemaps",
      "runs": true
    },
    {
      "id": "cordova-plugin-googlemaps.Map",
      "file": "plugins/cordova-plugin-googlemaps/www/Map.js",
      "pluginId": "cordova-plugin-googlemaps",
      "runs": true
    },
    {
      "id": "cordova-plugin-googlemaps.event",
      "file": "plugins/cordova-plugin-googlemaps/www/event.js",
      "pluginId": "cordova-plugin-googlemaps",
      "runs": true
    },
    {
      "id": "cordova-plugin-googlemaps.MapTypeId",
      "file": "plugins/cordova-plugin-googlemaps/www/MapTypeId.js",
      "pluginId": "cordova-plugin-googlemaps",
      "runs": true
    },
    {
      "id": "cordova-plugin-googlemaps.KmlOverlay",
      "file": "plugins/cordova-plugin-googlemaps/www/KmlOverlay.js",
      "pluginId": "cordova-plugin-googlemaps",
      "runs": true
    },
    {
      "id": "cordova-plugin-googlemaps.Environment",
      "file": "plugins/cordova-plugin-googlemaps/www/Environment.js",
      "pluginId": "cordova-plugin-googlemaps",
      "runs": true
    },
    {
      "id": "cordova-plugin-googlemaps.MarkerCluster",
      "file": "plugins/cordova-plugin-googlemaps/www/MarkerCluster.js",
      "pluginId": "cordova-plugin-googlemaps",
      "runs": true
    },
    {
      "id": "cordova-plugin-googlemaps.Cluster",
      "file": "plugins/cordova-plugin-googlemaps/www/Cluster.js",
      "pluginId": "cordova-plugin-googlemaps",
      "runs": true
    },
    {
      "id": "cordova-plugin-googlemaps.geomodel",
      "file": "plugins/cordova-plugin-googlemaps/www/geomodel.js",
      "pluginId": "cordova-plugin-googlemaps",
      "runs": true
    },
    {
      "id": "cordova-plugin-googlemaps.CordovaGoogleMaps",
      "file": "plugins/cordova-plugin-googlemaps/www/googlemaps-cdv-plugin.js",
      "pluginId": "cordova-plugin-googlemaps",
      "clobbers": [
        "plugin.google.maps"
      ]
    },
    {
      "id": "cordova-plugin-splashscreen.SplashScreen",
      "file": "plugins/cordova-plugin-splashscreen/www/splashscreen.js",
      "pluginId": "cordova-plugin-splashscreen",
      "clobbers": [
        "navigator.splashscreen"
      ]
    },
    {
      "id": "ionic-plugin-keyboard.keyboard",
      "file": "plugins/ionic-plugin-keyboard/www/android/keyboard.js",
      "pluginId": "ionic-plugin-keyboard",
      "clobbers": [
        "cordova.plugins.Keyboard"
      ],
      "runs": true
    }
  ],
  "plugin_metadata": {
    "cordova-plugin-device": "1.1.4",
    "cordova-plugin-googlemaps": "2.1.1",
    "cordova-plugin-ionic-webview": "1.1.16",
    "cordova-plugin-splashscreen": "4.0.3",
    "cordova-plugin-whitelist": "1.3.1",
    "ionic-plugin-keyboard": "2.2.1"
  }
}